{
  "HumanEval": {
    "ar": 57.758,
    "dflash": 230.95100000000002,
    "al": 7.116,
    "speedup": 3.998597596869698
  },
  "GSM8K": {
    "ar": 58.039,
    "dflash": 190.93,
    "al": 5.881,
    "speedup": 3.289684522476266
  },
  "Math500": {
    "ar": 58.547000000000004,
    "dflash": 237.012,
    "al": 7.307,
    "speedup": 4.048234751567117
  }
}